Market,Weeks,Total_Demand_CBM,Total_n40,Total_n20,Total_LCL_CBM,Total_Coverage_CBM,Total_Slack_CBM,Avg_Util_Pct,Total_Cost,Avg_Cost_per_CBM
US,35,1064.8674999999998,13,14,108.49312500000002,1345.493125,280.625625,76.81481481481481,131298.625,123.3004340915654
UK,35,542.2987499999999,2,0,412.29875000000004,542.2987499999999,0.0,100.0,37260.9125,68.70919857366444
AU,35,16.15625,0,0,16.15625,16.15625,0.0,0.0,565.46875,35.0
