Market,Weeks,Total_Demand_CBM,Total_n40,Total_n20,Total_LCL_CBM,Total_Coverage_CBM,Total_Slack_CBM,Total_Cost_40,Total_Cost_20,Total_Cost_LCL,Total_Cost
AU,36,16.15625,0,0,16.15625,16.15625,0.0,0.0,0.0,565.44,565.44
UK,36,446.06624999999997,0,0,446.06624999999997,446.06624999999997,0.0,0.0,0.0,31224.7,31224.7
US,36,1017.138755,2,32,153.201563,1179.201562,162.062808,10400.0,96000.0,30640.3,137040.3
