Market,Weeks,Total_Demand_CBM,Total_n40,Total_n20,Total_LCL_CBM,Total_Coverage_CBM,Total_Slack_CBM,Total_Cost_40,Total_Cost_20,Total_Cost_LCL,Total_Cost
AU,35,16.15625,0,0,16.15625,16.15625,0.0,0.0,0.0,565.4300000000001,565.4300000000001
UK,35,542.29875,2,0,412.30375,542.30375,0.005,8400.0,0.0,28861.33,37261.33
US,35,1064.867505,13,14,108.497189,1345.497189,280.629684,67600.0,42000.0,21699.42,131299.42
