Market,Weeks,Total_Demand_CBM,Total_n40,Total_n20,Total_LCL_CBM,Total_Coverage_CBM,Total_Slack_CBM,Total_Cost_40,Total_Cost_20,Total_Cost_LCL,Total_Cost
AU,36,16.15625,0,0,16.15625,16.15625,0.0,0.0,0.0,565.44,565.44
UK,36,446.06624999999997,0,15,115.78125,535.78125,89.715,0.0,37500.0,8104.74,45604.74
US,36,1017.138755,12,24,26.122188,1478.122186,460.983433,62400.0,72000.0,5224.43,139624.43
